Title,Price,Instock Availability
"Starving Hearts (Triangular Trade Trilogy, #1)",13.99,In stock
Libertarianism for Beginners,51.33,In stock
It's Only the Himalayas,45.17,In stock
How Music Works,37.32,In stock
Maude (1883-1993):She Grew Up with the country,18.02,In stock
You can't bury them all: Poems,33.63,In stock
Reasons to Stay Alive,26.41,In stock
Without Borders (Wanderlove #1),45.07,In stock
Soul Reader,39.58,In stock
Security,39.25,In stock
"Saga, Volume 5 (Saga (Collected Editions) #5)",51.04,In stock
Reskilling America: Learning to Labor in the Twenty-First Century,19.83,In stock
"Political Suicide: Missteps, Peccadilloes, Bad Calls, Backroom Hijinx, Sordid Pasts, Rotten Breaks, and Just Plain Dumb Mistakes in the Annals of American Politics",36.28,In stock
Obsidian (Lux #1),14.86,In stock
My Paris Kitchen: Recipes and Stories,33.37,In stock
Masks and Shadows,56.40,In stock
"Lumberjanes, Vol. 2: Friendship to the Max (Lumberjanes #5-8)",46.91,In stock
Lumberjanes Vol. 3: A Terrible Plan (Lumberjanes #9-12),19.92,In stock
Judo: Seven Steps to Black Belt (an Introductory Guide for Beginners),53.90,In stock
"I Hate Fairyland, Vol. 1: Madly Ever After (I Hate Fairyland (Compilations) #1-5)",29.17,In stock
"Giant Days, Vol. 2 (Giant Days #5-8)",22.11,In stock
Everydata: The Misinformation Hidden in the Little Data You Consume Every Day,54.35,In stock
"Don't Be a Jerk: And Other Practical Advice from Dogen, Japan's Greatest Zen Master",37.97,In stock
Bossypants,49.46,In stock
"Bitch Planet, Vol. 1: Extraordinary Machine (Bitch Planet (Collected Editions))",37.92,In stock
"Avatar: The Last Airbender: Smoke and Shadow, Part 3 (Smoke and Shadow #3)",28.09,In stock
Tuesday Nights in 1980,21.04,In stock
The Psychopath Test: A Journey Through the Madness Industry,36.00,In stock
The Power of Now: A Guide to Spiritual Enlightenment,43.54,In stock
The Omnivore's Dilemma: A Natural History of Four Meals,38.21,In stock
The Love and Lemons Cookbook: An Apple-to-Zucchini Celebration of Impromptu Cooking,37.60,In stock
The Girl on the Train,55.02,In stock
The Emerald Mystery,23.15,In stock
The Argonauts,10.93,In stock
Suddenly in Love (Lake Haven #1),55.99,In stock
Soft Apocalypse,26.12,In stock
So You've Been Publicly Shamed,12.23,In stock
Shoe Dog: A Memoir by the Creator of NIKE,23.99,In stock
Louisa: The Extraordinary Life of Mrs. Adams,16.85,In stock
Large Print Heart of the Pride,19.15,In stock
Grumbles,22.16,In stock
Chasing Heaven: What Dying Taught Me About Living,37.80,In stock
Becoming Wise: An Inquiry into the Mystery and Art of Living,27.43,In stock
Beauty Restored (Riley Family Legacy Novellas #3),11.11,In stock
Batman: The Long Halloween (Batman),36.50,In stock
Ayumi's Violin,15.48,In stock
Wild Swans,14.36,In stock
What's It Like in Space?: Stories from Astronauts Who've Been There,19.60,In stock
Until Friday Night (The Field Party #1),46.31,In stock
"Unbroken: A World War II Story of Survival, Resilience, and Redemption",45.95,In stock
Twenty Yawns,22.08,In stock
Through the Woods,25.38,In stock
This Is Where It Ends,27.12,In stock
The Year of Magical Thinking,43.04,In stock
The Last Mile (Amos Decker #2),54.21,In stock
The Immortal Life of Henrietta Lacks,40.67,In stock
The Hidden Oracle (The Trials of Apollo #1),52.26,In stock
The Guilty (Will Robie #4),13.82,In stock
"Red Hood/Arsenal, Vol. 1: Open for Business (Red Hood/Arsenal #1)",25.48,In stock
Once Was a Time,18.28,In stock
No Dream Is Too High: Life Lessons From a Man Who Walked on the Moon,21.95,In stock
"Naruto (3-in-1 Edition), Vol. 14: Includes Vols. 40, 41 & 42 (Naruto: Omnibus #14)",38.39,In stock
More Than Music (Chasing the Dream #1),37.61,In stock
Lowriders to the Center of the Earth (Lowriders in Space #2),51.51,In stock
"Eat Fat, Get Thin",54.07,In stock
Doctor Sleep (The Shining #2),40.12,In stock
Crazy Love: Overwhelmed by a Relentless God,47.72,In stock
Carrie,46.23,In stock
Batman: Europa,32.01,In stock
Angels Walking (Angels Walking #1),34.20,In stock
"Adulthood Is a Myth: A ""Sarah's Scribbles"" Collection",10.90,In stock
A Study in Scarlet (Sherlock Holmes #1),16.73,In stock
"A Series of Catastrophes and Miracles: A True Story of Love, Science, and Cancer",56.48,In stock
A People's History of the United States,40.79,In stock
My Kitchen Year: 136 Recipes That Saved My Life,11.53,In stock
The Lonely City: Adventures in the Art of Being Alone,33.26,In stock
The Dinner Party,56.54,In stock
Stars Above (The Lunar Chronicles #4.5),48.05,In stock
"Love, Lies and Spies",20.55,In stock
Troublemaker: Surviving Hollywood and Scientology,48.39,In stock
The Widow,27.26,In stock
"Setting the World on Fire: The Brief, Astonishing Life of St. Catherine of Siena",21.15,In stock
Mothering Sunday,13.34,In stock
Lilac Girls,17.28,In stock
"10% Happier: How I Tamed the Voice in My Head, Reduced Stress Without Losing My Edge, and Found Self-Help That Actually Works",24.57,In stock
Underlying Notes,11.82,In stock
The Flowers Lied,16.68,In stock
Modern Day Fables,47.44,In stock
Chernobyl 01:23:40: The Incredible True Story of the World's Worst Nuclear Disaster,35.92,In stock
23 Degrees South: A Tropical Tale of Changing Whether...,35.79,In stock
When Breath Becomes Air,39.36,In stock
Vagabonding: An Uncommon Guide to the Art of Long-Term World Travel,36.94,In stock
The Martian (The Martian #1),41.39,In stock
Miller's Valley,58.54,In stock
"Love That Boy: What Two Presidents, Eight Road Trips, and My Son Taught Me About a Parent's Expectations",25.06,In stock
Left Behind (Left Behind #1),40.72,In stock
Howl and Other Poems,40.45,In stock
Heaven is for Real: A Little Boy's Astounding Story of His Trip to Heaven and Back,52.86,In stock
Brazen: The Courage to Find the You That's Been Hiding,19.22,In stock
32 Yolks,53.63,In stock
Wildlife of New York: A Five-Borough Coloring Book,22.14,In stock
Unreasonable Hope: Finding Faith in the God Who Brings Purpose to Your Pain,46.33,In stock
The Art Book,32.34,In stock
Steal Like an Artist: 10 Things Nobody Told You About Being Creative,20.90,In stock
Raymie Nightingale,34.41,In stock
Like Never Before (Walker Family #2),28.77,In stock
How to Be a Domestic Goddess: Baking and the Art of Comfort Cooking,28.25,In stock
Finding God in the Ruins: How God Redeems Pain,46.64,In stock
"Chronicles, Vol. 1",52.60,In stock
A Summer In Europe,44.34,In stock
The Rise and Fall of the Third Reich: A History of Nazi Germany,39.67,In stock
The Makings of a Fatherless Child,31.58,In stock
The Fellowship of the Ring (The Lord of the Rings #1),10.27,In stock
Tell the Wolves I'm Home,50.96,In stock
In the Woods (Dublin Murder Squad #1),38.38,In stock
Give It Back,18.32,In stock
Why Save the Bankers?: And Other Essays on Our Economic and Political Crisis,48.67,In stock
The Raven King (The Raven Cycle #4),30.57,In stock
The Expatriates,44.58,In stock
The 5th Wave (The 5th Wave #1),11.83,In stock
Peak: Secrets from the New Science of Expertise,16.28,In stock
Logan Kade (Fallen Crest High #5.5),13.12,In stock
I Know Why the Caged Bird Sings (Maya Angelou's Autobiography #1),36.55,In stock
Drama,38.70,In stock
America's War for the Greater Middle East: A Military History,51.22,In stock
A Game of Thrones (A Song of Ice and Fire #1),46.42,In stock
The Pilgrim's Progress,50.26,In stock
The Hound of the Baskervilles (Sherlock Holmes #5),14.82,In stock
The Geography of Bliss: One Grump's Search for the Happiest Places in the World,28.23,In stock
The Demonists (Demonist #1),52.11,In stock
"The Demon Prince of Momochi House, Vol. 4 (The Demon Prince of Momochi House #4)",27.88,In stock
Misery,34.79,In stock
Far From True (Promise Falls Trilogy #2),34.93,In stock
Confessions of a Shopaholic (Shopaholic #1),48.94,In stock
Vegan Vegetarian Omnivore: Dinner for Everyone at the Table,13.66,In stock
Two Boys Kissing,32.74,In stock
Twilight (Twilight #1),41.93,In stock
Twenties Girl,42.80,In stock
The Tipping Point: How Little Things Can Make a Big Difference,10.02,In stock
The Stand,57.86,In stock
The Picture of Dorian Gray,29.70,In stock
The Name of God is Mercy,37.25,In stock
The Lover's Dictionary,58.09,In stock
The Last Painting of Sara de Vos,55.55,In stock
The Guns of August,14.54,In stock
The Girl Who Played with Fire (Millennium Trilogy #2),22.14,In stock
The Da Vinci Code (Robert Langdon #2),22.96,In stock
The Cat in the Hat (Beginner Books B-1),16.26,In stock
The Book Thief,53.49,In stock
The Autobiography of Malcolm X,23.43,In stock
"Surely You're Joking, Mr. Feynman!: Adventures of a Curious Character",25.83,In stock
Soldier (Talon #3),24.72,In stock
Shopaholic & Baby (Shopaholic #5),46.45,In stock
Seven Days in the Art World,52.33,In stock
Rework,44.88,In stock
Packing for Mars: The Curious Science of Life in the Void,56.68,In stock
Orange Is the New Black,24.61,In stock
One for the Money (Stephanie Plum #1),32.87,In stock
Midnight Riot (Peter Grant/ Rivers of London - books #1),55.46,In stock
Me Talk Pretty One Day,57.60,In stock
Manuscript Found in Accra,34.98,In stock
Lust & Wonder,11.87,In stock
"Life, the Universe and Everything (Hitchhiker's Guide to the Galaxy #3)",33.26,In stock
Life After Life,26.13,In stock
I Am Malala: The Girl Who Stood Up for Education and Was Shot by the Taliban,28.88,In stock
"House of Lost Worlds: Dinosaurs, Dynasties, and the Story of Life on Earth",43.70,In stock
Horrible Bear!,37.52,In stock
Holidays on Ice,51.07,In stock
Girl in the Blue Coat,46.83,In stock
"Fruits Basket, Vol. 3 (Fruits Basket #3)",45.17,In stock
Cosmos,36.17,In stock
Civilization and Its Discontents,59.95,In stock
Catastrophic Happiness: Finding Joy in Childhood's Messy Years,37.35,In stock
Career of Evil (Cormoran Strike #3),24.72,In stock
"Born to Run: A Hidden Tribe, Superathletes, and the Greatest Race the World Has Never Seen",27.35,In stock
Best of My Love (Fool's Gold #20),27.41,In stock
Beowulf,38.35,In stock
Awkward,38.02,In stock
And Then There Were None,35.01,In stock
A Storm of Swords (A Song of Ice and Fire #3),31.22,In stock
"The Suffragettes (Little Black Classics, #96)",11.89,In stock
Vampire Girl (Vampire Girl #1),53.82,In stock
Three Wishes (River of Time: California #1),44.18,In stock
"The Wicked + The Divine, Vol. 1: The Faust Act (The Wicked + The Divine)",36.52,In stock
The Little Prince,45.42,In stock
The Last Girl (The Dominion Trilogy #1),36.26,In stock
Taking Shots (Assassins #1),18.88,In stock
Settling the Score (The Summer Games #1),44.91,In stock
"Rhythm, Chord & Malykhin",28.34,In stock
One Second (Seven #7),52.94,In stock
Old Records Never Die: One Man's Quest for His Vinyl and His Past,55.66,In stock
Of Mice and Men,47.11,In stock
My Perfect Mistake (Over the Top #1),38.92,In stock
Meditations,25.89,In stock
Frankenstein,38.00,In stock
Emma,32.93,In stock
